{"speakers": [["", "", "", "", "", "", "", "", "", ""], ["", "", "", "", "", "", "", "", "", "", ""]], "head_scores": [[2.6502726078033447], [-1.9029139280319214], [-2.799943208694458], [0.3671509623527527], [2.3464858531951904], [1.305588960647583], [-0.2460612803697586], [-4.606021881103516], [-0.18257100880146027], [-0.45940423011779785], [0.15855057537555695], [1.9823782444000244], [0.247884139418602], [0.01545320451259613], [0.5821385979652405], [-4.815188407897949], [-0.736572265625], [-0.2040800154209137], [-0.7439939975738525], [1.0590057373046875], [-0.5902232527732849]], "doc_key": "nw", "top_spans": [[2, 3], [4, 4], [5, 5], [5, 8], [7, 8], [11, 11], [11, 19], [15, 19]], "predicted_clusters": [[[2, 3], [11, 11]]], "sentences": [["which", "of", "these", "competitions", "have", "rugby", "in", "the", "title", "?"], ["of", "those", ",", "which", "has", "the", "highest", "average", "match", "attendance", "?"]], "clusters": []}
